id,organization_id,name,details,time_zone,working_hours,settings,service_area,created_by,updated_by,created_at,updated_at,is_active,short_code,app_settings,parent_id,location_type_id,path,deleted_at,vertical,custom,search_vector
cf974129-c4cf-4cca-aa36-62ba353c0708,a41b2216-736c-4c00-99ca-30a0cd8ca0d2,Pune,"{""zip"": ""uyuju"", ""address"": ""ujgyy"", ""country"": ""yuyu"", ""contact_email"": ""yujtgu@fhfghfh.com"", ""contact_number"": ""8980890980"", ""contact_person"": ""7tguy""}",UTC,{},"{""holidays"": [], ""localization"": {}}",{},,,2025-09-13 10:12:11.475869+05:30,2025-09-13 10:12:11.475869+05:30,true,,,6b383e17-cd4f-48d7-ac7b-a076b8dff3f5,d97e346f-3aa0-49bf-9341-c963e622c2a8,6b383e17-cd4f-48d7-ac7b-a076b8dff3f5.cf974129-c4cf-4cca-aa36-62ba353c0708,,{},{},'pune':1A
6b383e17-cd4f-48d7-ac7b-a076b8dff3f5,a41b2216-736c-4c00-99ca-30a0cd8ca0d2,Main,"{""zip"": 577004, ""address"": ""#273/3, 100 Feet Road, HAL 2nd Stage, 6th Main, Indiranagar, Bengaluru, Karnataka"", ""country"": ""India"", ""contact_email"": ""infoblr@vkbs.in"", ""contact_number"": ""+91 77609 92383"", ""contact_person"": ""ganesh""}",GMT+5:30,{},"{""holidays"": [{""date"": ""2025-04-04"", ""name"": ""kk""}, {""date"": ""2025-05-19"", ""name"": ""dd""}], ""localization"": {""currency"": ""INR"", ""time_zone"": ""GMT+5:30"", ""date_format"": ""DD/MM/YYYY"", ""time_format"": ""12-hour"", ""week_start_day"": ""Monday""}}",{},6ba504d2-65b7-4018-b8a1-323dd686996c,,2025-07-06 10:21:37.904+05:30,2025-08-15 05:25:02.892067+05:30,true,MAIN,,,e02e534b-8179-4114-a3a4-de82f6799154,6b383e17-cd4f-48d7-ac7b-a076b8dff3f5,,{},"{""ai_overrides"": {""emailOverrides"": {""fromName"": ""VKBS Bangalore Support"", ""fromAddress"": ""support-blr@vkbs.zoworks.ai""}, ""whatsappOverrides"": {""wabaId"": null, ""phoneNumberId"": null, ""displayPhoneNumber"": null, ""accessTokenEncrypted"": null}}}",'main':1A
9f14cc8b-beec-48a5-b730-32c81b846449,a41b2216-736c-4c00-99ca-30a0cd8ca0d2,Hyderabad,"{""zip"": ""500081"", ""address"": ""1st floor, Krish Sapphire Sri Krishna Developers, Sy No. 88, Madhapur, Hyderabad "", ""country"": ""India"", ""contact_email"": ""infohyd@vkbs.in"", ""contact_number"": ""+91 80081 01486"", ""contact_person"": ""Karthik""}",GMT+5:30,{},"{""holidays"": [{""date"": ""2025-01-01"", ""name"": ""New Year""}], ""localization"": {""currency"": ""INR"", ""time_zone"": ""GMT+5:30"", ""date_format"": ""DD/MM/YYYY"", ""time_format"": ""24-hour"", ""week_start_day"": ""Monday""}}",{},,6ba504d2-65b7-4018-b8a1-323dd686996c,2025-07-02 12:19:18.252215+05:30,2025-08-15 05:25:06.245028+05:30,true,HYD,,6b383e17-cd4f-48d7-ac7b-a076b8dff3f5,d97e346f-3aa0-49bf-9341-c963e622c2a8,6b383e17-cd4f-48d7-ac7b-a076b8dff3f5.9f14cc8b-beec-48a5-b730-32c81b846449,,{},"{""ai_overrides"": {""emailOverrides"": {""fromName"": ""VKBS Hyderabad Support"", ""fromAddress"": ""support-hyd@vkbs.zoworks.ai""}, ""whatsappOverrides"": {""wabaId"": ""9876543210987654"", ""phoneNumberId"": ""8765432109876543"", ""displayPhoneNumber"": ""+91 44 1234 5678"", ""accessTokenEncrypted"": ""ENCRYPTED_CHENNAI_SPECIFIC_TOKEN""}}}",'hyderabad':1A
f957b3d2-5b35-4ed3-b4c7-c7025a1a9497,a41b2216-736c-4c00-99ca-30a0cd8ca0d2,Chennai,"{""zip"": ""600032"", ""address"": ""C-12, Thiruvaika Industrial Estate, Guindy, Chennai"", ""country"": ""India"", ""contact_email"": ""infochn@vkbs.in"", ""contact_number"": ""+91 73050 61026"", ""contact_person"": ""Arun""}",GMT+5:30,{},"{""holidays"": [{""date"": ""2025-01-01"", ""name"": ""New Year""}], ""localization"": {""currency"": ""INR"", ""time_zone"": ""GMT+5:30"", ""date_format"": ""DD/MM/YYYY"", ""time_format"": ""24-hour"", ""week_start_day"": ""Monday""}}",{},,6ba504d2-65b7-4018-b8a1-323dd686996c,2025-07-01 12:21:53.288433+05:30,2025-09-17 14:33:15.756203+05:30,true,CHN,"{""support"": {""email"": {""email"": ""service.chn@vkbs.zoworks.ai"", ""fromName"": ""VKBS Chennai Support""}, ""whatsapp"": {""wabaId"": null, ""phoneNumberId"": null, ""displayPhoneNumber"": null, ""accessTokenEncrypted"": null}}, ""emailOverrides"": {""email"": ""service.chn@vkbs.zoworks.ai"", ""fromName"": ""VKBS Chennai Support""}, ""whatsappOverrides"": {""wabaId"": null, ""phoneNumberId"": null, ""displayPhoneNumber"": null, ""accessTokenEncrypted"": null}}",6b383e17-cd4f-48d7-ac7b-a076b8dff3f5,d97e346f-3aa0-49bf-9341-c963e622c2a8,6b383e17-cd4f-48d7-ac7b-a076b8dff3f5.f957b3d2-5b35-4ed3-b4c7-c7025a1a9497,,{},"{""ai_overrides"": {""email"": [""support-chn@vkbs.zoworks.ai""], ""emailOverrides"": {""email"": ""support-chn@vkbs.zoworks.ai"", ""fromName"": ""VKBS Chennai Support""}, ""whatsappOverrides"": {""wabaId"": null, ""phoneNumberId"": null, ""displayPhoneNumber"": null, ""accessTokenEncrypted"": null}}}",'chennai':1A
















id,organization_id,name,level,created_at,created_by,search_vector,updated_at,updated_by,is_active
29cee237-994a-44c7-83f2-893e822a9b06,55555555-5555-5555-5555-555555555555,City,2,2026-03-13 16:18:36.464927+05:30,,'city':1A,2026-04-03 10:08:21.899716+05:30,,true
d97e346f-3aa0-49bf-9341-c963e622c2a8,a41b2216-736c-4c00-99ca-30a0cd8ca0d2,city,2,2025-10-26 08:18:58.454729+05:30,,'city':1A,2026-02-17 17:33:44.217069+05:30,,true
e02e534b-8179-4114-a3a4-de82f6799154,a41b2216-736c-4c00-99ca-30a0cd8ca0d2,country,1,2025-10-26 08:18:38.594843+05:30,,'country':1A,2026-02-17 17:33:44.217069+05:30,,true